{
  "i18n/i18n.properties": 1602181849631,
  "model/models.js": 1602181651815,
  "manifest.json": 1602184477591,
  "model/formatter.js": 1602181651815,
  "controller/App.controller.js": 1602182539152,
  "Component.js": 1602182461024,
  "manifest-bundle.zip": 1602184477399,
  "Component-preload.js": 1602184477558,
  "model/models-dbg.js": 1602181651815,
  "model/formatter-dbg.js": 1602181651815,
  "controller/App-dbg.controller.js": 1602182539152,
  "Component-dbg.js": 1602182461024,
  "view/App.view.xml": 1602184191274,
  "test.html": 1602181651815,
  "index.html": 1602183981958
}