{
  "test.html": 1599847876000,
  "manifest.json": 1601408026917,
  "model/models.js": 1599847876000,
  "model/formatter.js": 1599847876000,
  "controller/NotFound.controller.js": 1599847876000,
  "controller/Master.controller.js": 1599847876000,
  "controller/ListSelector.js": 1599847876000,
  "controller/ErrorHandler.js": 1599847876000,
  "controller/DetailObjectNotFound.js": 1599847876000,
  "controller/DetailObjectNotFound.controller.js": 1599847876000,
  "controller/Detail.controller.js": 1599847876000,
  "controller/BaseController.js": 1600019782000,
  "controller/App.controller.js": 1599847876000,
  "Component.js": 1601407965653,
  "manifest-bundle.zip": 1601408025918,
  "Component-preload.js": 1601408026620,
  "controller/NotFound-dbg.controller.js": 1599847876000,
  "model/formatter-dbg.js": 1599847876000,
  "model/models-dbg.js": 1599847876000,
  "controller/Master-dbg.controller.js": 1599847876000,
  "controller/ListSelector-dbg.js": 1599847876000,
  "controller/ErrorHandler-dbg.js": 1599847876000,
  "controller/DetailObjectNotFound-dbg.js": 1599847876000,
  "controller/DetailObjectNotFound-dbg.controller.js": 1599847876000,
  "controller/Detail-dbg.controller.js": 1599847876000,
  "controller/BaseController-dbg.js": 1600019782000,
  "controller/App-dbg.controller.js": 1599847876000,
  "Component-dbg.js": 1601407965653,
  "resources.json": 1601408026924,
  "view/ViewSettingsDialog.fragment.xml": 1599847876000,
  "view/NotFound.view.xml": 1599847876000,
  "view/Master.view.xml": 1599847876000,
  "view/DetailObjectNotFound.view.xml": 1599847876000,
  "view/Detail.view.xml": 1599847876000,
  "view/App.view.xml": 1599847876000,
  "i18n/i18n.properties": 1599847876000,
  "index.html": 1599848846000
}