{
    "resources": [
        {
            "name": "../../../be/wl/ExampleApp/controller/App-dbg.controller.js",
            "isDebug": true
        },
        {
            "name": "../../../be/wl/ExampleApp/model/models.js"
        },
        {
            "name": "../../../be/wl/ExampleApp/manifest.json"
        },
        {
            "name": "../../../be/wl/ExampleApp/model/formatter.js"
        },
        {
            "name": "../../../be/wl/ExampleApp/controller/App.controller.js"
        },
        {
            "name": "../../../be/wl/ExampleApp/Component.js"
        },
        {
            "name": "../../../be/wl/ExampleApp/manifest-bundle.zip"
        },
        {
            "name": "../../../be/wl/ExampleApp/Component-preload.js",
            "merged": true
        },
        {
            "name": "../../../be/wl/ExampleApp/model/models-dbg.js",
            "isDebug": true
        },
        {
            "name": "../../../be/wl/ExampleApp/model/formatter-dbg.js",
            "isDebug": true
        },
        {
            "name": "../../../be/wl/ExampleApp/i18n/i18n.properties",
            "raw": "i18n/i18n.properties"
        },
        {
            "name": "../../../be/wl/ExampleApp/Component-dbg.js",
            "isDebug": true
        },
        {
            "name": "../../../sap-ui-version.json"
        },
        {
            "name": "../../../be/wl/ExampleApp/view/App.view.xml"
        },
        {
            "name": "../../../be/wl/ExampleApp/index.html"
        }
    ]
}